1, 58, 1 
1, 182, 1 
3, 3, 4 
3, 18, 3 
3, 19, 1 
3, 153, 1 
3, 181, 2 
3, 182, 8 
3, 185, 2 
4, 4, 2 
4, 25, 1 
4, 160, 1 
4, 172, 4 
4, 182, 8 
4, 188, 1 
4, 189, 1 
7, 160, 1 
8, 182, 2 
16, 181, 1 
17, 159, 1 
17, 181, 1 
18, 3, 6 
18, 4, 1 
18, 18, 10 
18, 44, 2 
18, 45, 2 
18, 79, 1 
18, 83, 1 
18, 176, 3 
18, 181, 1 
18, 182, 21 
18, 183, 4 
18, 184, 3 
18, 185, 5 
18, 187, 3 
19, 19, 2 
19, 184, 2 
19, 185, 1 
21, 17, 1 
21, 161, 1 
21, 163, 1 
25, 18, 8 
25, 58, 7 
25, 176, 1 
25, 182, 16 
25, 185, 3 
25, 191, 1 
25, 198, 4 
27, 7, 1 
27, 42, 1 
27, 44, 1 
27, 182, 1 
28, 29, 1 
28, 183, 1 
29, 96, 1 
42, 3, 4 
42, 8, 2 
42, 16, 1 
42, 17, 1 
42, 18, 12 
42, 27, 1 
42, 42, 9 
42, 43, 17 
42, 180, 50 
42, 182, 7 
42, 183, 31 
42, 187, 3 
43, 3, 2 
43, 18, 2 
43, 28, 1 
43, 44, 2 
43, 180, 1 
43, 181, 7 
43, 182, 2 
43, 183, 7 
43, 185, 3 
43, 187, 1 
43, 198, 1 
44, 18, 1 
44, 45, 1 
44, 182, 6 
44, 183, 2 
44, 185, 1 
45, 18, 1 
45, 25, 2 
45, 42, 1 
45, 182, 2 
45, 184, 1 
45, 185, 1 
54, 21, 1 
58, 25, 21 
58, 42, 3 
58, 45, 1 
58, 167, 3 
60, 27, 1 
76, 43, 2 
77, 42, 1 
77, 43, 1 
77, 44, 2 
78, 42, 1 
78, 44, 1 
78, 45, 1 
78, 184, 1 
78, 187, 1 
79, 183, 1 
83, 4, 1 
87, 4, 2 
87, 42, 10 
87, 43, 4 
87, 132, 1 
87, 177, 3 
87, 187, 1 
89, 3, 2 
89, 18, 4 
89, 25, 1 
89, 42, 11 
89, 183, 5 
89, 187, 2 
96, 21, 1 
96, 161, 1 
96, 181, 1 
132, 167, 1 
153, 1, 1 
153, 42, 1 
158, 42, 1 
158, 45, 1 
158, 187, 1 
159, 3, 1 
160, 42, 2 
161, 42, 2 
163, 177, 1 
167, 58, 6 
167, 187, 1 
170, 18, 1 
170, 19, 1 
172, 42, 3 
176, 58, 4 
177, 28, 1 
177, 187, 3 
180, 3, 1 
180, 4, 4 
180, 18, 4 
180, 21, 1 
180, 25, 3 
180, 42, 2 
180, 44, 1 
180, 60, 1 
180, 96, 2 
180, 176, 5 
180, 182, 15 
180, 183, 1 
180, 184, 10 
180, 187, 3 
181, 42, 17 
181, 177, 4 
181, 187, 1 
182, 1, 1 
182, 4, 7 
182, 18, 6 
182, 25, 7 
182, 42, 26 
182, 43, 1 
182, 44, 1 
182, 45, 1 
182, 58, 5 
182, 76, 1 
182, 77, 1 
182, 78, 1 
182, 87, 11 
182, 153, 1 
182, 158, 3 
182, 167, 7 
182, 177, 8 
182, 181, 1 
182, 182, 8 
182, 183, 1 
182, 184, 1 
182, 185, 3 
182, 192, 5 
183, 18, 3 
183, 25, 1 
183, 27, 1 
183, 42, 7 
183, 43, 1 
183, 58, 3 
183, 76, 1 
183, 77, 1 
183, 78, 2 
183, 87, 2 
183, 172, 3 
183, 176, 2 
183, 177, 20 
183, 181, 3 
183, 182, 6 
183, 183, 1 
184, 3, 1 
184, 18, 4 
184, 44, 1 
184, 45, 1 
184, 58, 1 
184, 87, 4 
184, 180, 2 
184, 182, 2 
184, 183, 2 
185, 4, 1 
185, 18, 3 
185, 54, 1 
185, 77, 2 
185, 78, 2 
185, 87, 4 
185, 170, 2 
185, 177, 1 
185, 182, 2 
185, 183, 1 
185, 185, 4 
187, 89, 23 
188, 89, 1 
189, 89, 1 
191, 58, 1 
192, 181, 5 
198, 25, 4 
198, 43, 1 
